AUTHORS of CoinAll

The following is an almost complete list of all contributors to COIN projects
included in CoinAll. 


4er = Bob Fourer <4er@ampl.com>
andrea.nerli = Andrea Nerli <a.nerli@mbigroup.it>
andreasw = Andreas Waechter <andreas.waechter@northwestern.edu>
anh509 = Anahita Hassanzadeh <anh509@lehigh.edu>
asm4 = Ashutosh Mahajan <amahajan@iitb.ac.in>
barahon = Francisco Barahona <barahon@us.ibm.com >
berthold = Timo Berthold <berthold@zib.de>
bjarni = Bjarni Kristjansson <bjarni@maximalsoftware.com>
bo.jensen@mosek.com = Bo Jenson <bo.jensen@sulumoptimization.com>
caphillSNL = Cindy Phillips <caphill@sandia.gov>
claird = Carl Laird <carl.d.laird@gmail.com>
dfylstra = Dan Fylstra <daniel@solver.com>
EdwinStraver = Edwin Strayer <edwin@solver.com>
fecurt = Frank Curtis <frank.e.curtis@lehigh.edu>
fmargot = Francois Margot <fmargot@andrew.cmu.edu>
forrest = John Forrest <john.forrest@fastercoin.com>
Gassmann = Gus Gassmann <horand.gassmann@dal.ca>
ghackebeil = Gabe Hackerbeil <gabe.hackebeil@gmail.com>
giacomo.n = Giacomo Nannicini <giacomo.n@gmail.com >
gleixner = Ambros Gleixner <gleixner@zib.de>
hassan.hijazi = Hassan Hijazi <hassan.hijazi@anu.edu.au>
hpirnay = Hans Pirnay <hans.pirnay@rwth-aachen.de>
hpwalton = Phillip Walton <philipanddarlawalton@gmail.com>
hunsaker = Brady Hunsaker <bradyhunsaker@gmail.com>
jajhall = Julian Hall <J.A.J.Hall@ed.ac.uk>
jelmer = Jelmer Ypma <jyypma@users.noreply.github.com>
jiadong = Jiadong Wang <jiadwang@gmail.com>
jim_ostrowski = Jim Ostrowski <jostrows@utk.edu>
jpfasano = JP Fasano <jpfasano@gmail.com>
jpgoncal = Joao Goncalves <jpgoncal@us.ibm.com>
JunMa = Jun Ma <majxuh@hotmail.com>
jyoung = Joseph Young <joe@optimojoe.com>
kelman = Tony Kelman <kelman@berkeley.edu>
kingaj = Alan King <kingaj@us.ibm.com>
kmartin = Kipp Martin <kmartin@chicagobooth.edu>
ladanyi = Laci Ladanyi <ladanyi@us.ibm.com>
lifeng = Lifeng Chen <lc2161@columbia.edu>
lou = Lou Hafer <lou@sfu.ca>
lou-oss = Lou Hafer <lou@sfu.ca>
magh = Matthew Galati <matthew.galati@gmail.com>
mahdi = Mahdi Namazifar <namazifar@gmail.com>
MarcelRoelofs = Marcel Roelofs <Marcel.Roelofs@aimms.com>
megb = Menal Guzelsoy <mguzelsoy@gmail.com>
menal = Menal Guzelsoy <mguzelsoy@gmail.com>
mgalati = Matthew Galati <matthew.galati@gmail.com>
mhender = Mike Henderson <mhender@us.ibm.com>
mjs = Matthew Saltzman <mjs@clemson.edu >
mkaut = Michael Kaut <michal.kaut@sintef.no>
mlubin = Miles Lubin <miles.lubin@gmail.com>
mosek = Bo Jensen <bo.jensen@sulumoptimization.com>
mosu001 = Micheal O'Sullivan <michael.osullivan@auckland.ac.nz>
oktay = Oktay Gunluk <gunluk@us.ibm.com>
pbelotti = Pietro Belotti <petr7b6@gmail.com>
pbonami = Pierre Bonami <pierre.bonami@gmail.com>
pcarbo = Peter Carbonetto <peter.carbonetto@gmail.com>
pfender = Tobias Achterburg <achterberg@zib.de>
qualizza = Andrea Qualizza <andrea@qualizza.it>
rlh = Robin Lougee <rlougee@us.ibm.com>
rln = Robin Lougee <rlougee@us.ibm.com>
sanjeebd = Sanjeeb Dash <sanjeebd@us.ibm.com>
smitchell = Stuart Mitchell <github@stuartmitchell.com>
s.mitchell@auckland.ac.nz = Stuart Mitchell <github@stuartmitchell.com >
stefan = Stefan Vigerske <svigerske@gams.com>
stuvagas = Stuart Mitchell <github@stuartmitchell.com >
ted = Ted Ralphs <ted@lehigh.edu>
tkr = Ted Ralphs <ted@lehigh.edu>
tomlin = John Tomlin <j_a_tomlin@yahoo.com>
unxusr = Haroldo Santos <haroldo.santos@gmail.com>
vanyasimeonova@yahoo.com  = Vanya Simeonova <vanyasimeonova@yahoo.com>
wallace = Stein Wallace <Stein.Wallace@nhh.no>
WayneSheng = Wayne Sheng <wayneshenghs@gmail.com>
yan = Yan Xu <sasyanxu@yahoo.com>
yanxu = Yan Xu <sasyanxu@yahoo.com>
